
/*!40101 SET @OLD_CHARACTER_SET_CLIENT=@@CHARACTER_SET_CLIENT */;
/*!40101 SET @OLD_CHARACTER_SET_RESULTS=@@CHARACTER_SET_RESULTS */;
/*!40101 SET @OLD_COLLATION_CONNECTION=@@COLLATION_CONNECTION */;
/*!50503 SET NAMES utf8mb4 */;
/*!40103 SET @OLD_TIME_ZONE=@@TIME_ZONE */;
/*!40103 SET TIME_ZONE='+00:00' */;
/*!40014 SET @OLD_UNIQUE_CHECKS=@@UNIQUE_CHECKS, UNIQUE_CHECKS=0 */;
/*!40014 SET @OLD_FOREIGN_KEY_CHECKS=@@FOREIGN_KEY_CHECKS, FOREIGN_KEY_CHECKS=0 */;
/*!40101 SET @OLD_SQL_MODE=@@SQL_MODE, SQL_MODE='NO_AUTO_VALUE_ON_ZERO' */;
/*!40111 SET @OLD_SQL_NOTES=@@SQL_NOTES, SQL_NOTES=0 */;
DROP TABLE IF EXISTS `funktionaere`;
/*!40101 SET @saved_cs_client     = @@character_set_client */;
/*!50503 SET character_set_client = utf8mb4 */;
CREATE TABLE `funktionaere` (
  `id` bigint NOT NULL AUTO_INCREMENT,
  `Vorname` varchar(100) COLLATE utf8mb4_general_ci DEFAULT 'NEU',
  `Nachname` varchar(100) COLLATE utf8mb4_general_ci DEFAULT 'NEU',
  `eMail` varchar(100) COLLATE utf8mb4_general_ci DEFAULT NULL,
  PRIMARY KEY (`id`)
) ENGINE=InnoDB AUTO_INCREMENT=21 DEFAULT CHARSET=utf8mb4 COLLATE=utf8mb4_general_ci COMMENT='Stammdaten erw. Vorstand';
/*!40101 SET character_set_client = @saved_cs_client */;

LOCK TABLES `funktionaere` WRITE;
/*!40000 ALTER TABLE `funktionaere` DISABLE KEYS */;
INSERT INTO `funktionaere` VALUES (1,'Max','Müller','max.mueller@mail.de'),(2,'Anna','Schmidt','anna.schmidt@web.de'),(3,'Johannes','Weber','johannes.weber@gmx.de'),(4,'Lisa','Meier','lisa.meier@outlook.de'),(5,'Tom','Schneider','tom.schneider@t-online.de'),(6,'Sarah','Fischer','sarah.fischer@googlemail.com'),(7,'Paul','Wagner','paul.wagner@icloud.com'),(8,'Marie','Schulz','marie.schulz@aol.de'),(9,'David','Koch','david.koch@freenet.de'),(10,'Julia','Bauer','julia.bauer@posteo.de'),(11,'Peter','Richter','peter.richter@mail.com'),(12,'Laura','Klein','laura.klein@web.de'),(13,'Andreas','Hoffmann','andreas.hoffmann@gmx.net'),(14,'Eva','Bauer','eva.bauer@outlook.com'),(15,'Nils','Zimmermann','nils.zimmermann@icloud.com'),(16,'Katrin','Mayer','katrin.mayer@t-online.de'),(17,'Stefan','Lang','stefan.lang@googlemail.com'),(18,'Monika','Jäger','monika.jaeger@aol.de'),(19,'Lukas','Schwarz','lukas.schwarz@freenet.de'),(20,'Tanja','Wolf','tanja.wolf@posteo.de');
/*!40000 ALTER TABLE `funktionaere` ENABLE KEYS */;
UNLOCK TABLES;
DROP TABLE IF EXISTS `geschlechter`;
/*!40101 SET @saved_cs_client     = @@character_set_client */;
/*!50503 SET character_set_client = utf8mb4 */;
CREATE TABLE `geschlechter` (
  `id` int NOT NULL AUTO_INCREMENT,
  `geschlecht` char(20) COLLATE utf8mb4_general_ci DEFAULT NULL,
  PRIMARY KEY (`id`)
) ENGINE=InnoDB AUTO_INCREMENT=13 DEFAULT CHARSET=utf8mb4 COLLATE=utf8mb4_general_ci;
/*!40101 SET character_set_client = @saved_cs_client */;

LOCK TABLES `geschlechter` WRITE;
/*!40000 ALTER TABLE `geschlechter` DISABLE KEYS */;
INSERT INTO `geschlechter` VALUES (1,'m'),(2,'d'),(3,'w');
/*!40000 ALTER TABLE `geschlechter` ENABLE KEYS */;
UNLOCK TABLES;
DROP TABLE IF EXISTS `adm_log`;
/*!40101 SET @saved_cs_client     = @@character_set_client */;
/*!50503 SET character_set_client = utf8mb4 */;
CREATE TABLE `adm_log` (
  `ID` bigint NOT NULL AUTO_INCREMENT,
  `zeit` datetime DEFAULT CURRENT_TIMESTAMP,
  `eintrag` varchar(1000) COLLATE utf8mb4_general_ci DEFAULT NULL,
  PRIMARY KEY (`ID`)
) ENGINE=InnoDB AUTO_INCREMENT=14 DEFAULT CHARSET=utf8mb4 COLLATE=utf8mb4_general_ci;
/*!40101 SET character_set_client = @saved_cs_client */;

LOCK TABLES `adm_log` WRITE;
/*!40000 ALTER TABLE `adm_log` DISABLE KEYS */;
INSERT INTO `adm_log` VALUES (1,'2025-01-03 23:11:57','/var/www/html/mobs/php/data.php:26 - Die Konstante $anzuzeigendeDaten[5][\'query\'] enth&auml;lt kein g&uuml;ltiges SQL-Statement oder die Tabelle ist leer. In diesem Fall legen Sie bitte einen ersten Datensatz direkt in der Datenbank an.'),(2,'2025-01-03 23:17:56','/var/www/html/mobs/php/data.php:26 - Die Konstante $anzuzeigendeDaten[0][\'query\'] enth&auml;lt kein g&uuml;ltiges SQL-Statement oder die Tabelle ist leer. In diesem Fall legen Sie bitte einen ersten Datensatz direkt in der Datenbank an.'),(3,'2025-01-03 23:18:42','/var/www/html/mobs/php/data.php:26 - Die Konstante $anzuzeigendeDaten[0][\'query\'] enth&auml;lt kein g&uuml;ltiges SQL-Statement oder die Tabelle ist leer. In diesem Fall legen Sie bitte einen ersten Datensatz direkt in der Datenbank an.'),(4,'2025-01-03 23:18:46','/var/www/html/mobs/php/data.php:26 - Die Konstante $anzuzeigendeDaten[0][\'query\'] enth&auml;lt kein g&uuml;ltiges SQL-Statement oder die Tabelle ist leer. In diesem Fall legen Sie bitte einen ersten Datensatz direkt in der Datenbank an.'),(5,'2025-01-03 23:20:11','Query error in /var/www/html/mobs/inc/classes/datenbank.php: SQLSTATE[42S22]: Column not found: 1054 Unknown column \'timestamp\' in \'field list\''),(6,'2025-01-03 23:20:12','/var/www/html/mobs/php/data.php:26 - Die Konstante $anzuzeigendeDaten[0][\'query\'] enth&auml;lt kein g&uuml;ltiges SQL-Statement oder die Tabelle ist leer. In diesem Fall legen Sie bitte einen ersten Datensatz direkt in der Datenbank an.'),(7,'2025-01-03 23:20:17','Query error in /var/www/html/mobs/inc/classes/datenbank.php: SQLSTATE[42S22]: Column not found: 1054 Unknown column \'timestamp\' in \'field list\''),(8,'2025-01-03 23:20:17','/var/www/html/mobs/php/data.php:26 - Die Konstante $anzuzeigendeDaten[0][\'query\'] enth&auml;lt kein g&uuml;ltiges SQL-Statement oder die Tabelle ist leer. In diesem Fall legen Sie bitte einen ersten Datensatz direkt in der Datenbank an.'),(9,'2025-01-03 23:20:26','/var/www/html/mobs/php/data.php:32 - Die Konstante $anzuzeigendeDaten[0][\'query\'] muss eine Spalte \'id\' zur&uuml;ckgeben.'),(10,'2025-01-03 23:21:16','UPDATE `kommentare` SET `Kommentar` = Danke für eure Kommentare. Es folgen noch einige Features wie Import und Export, Erstellen von PDF-Dokumenten WHERE `id` = 1'),(11,'2025-01-03 23:21:20','UPDATE `kommentare` SET `Kommentar` = Danke für eure Kommentare. Es folgen noch einige Features wie Import und Export, Erstellen von PDF-Dokumentennn WHERE `id` = 1'),(12,'2025-01-03 23:21:59','UPDATE `kommentare` SET `Kommentar` = Danke für eure Kommentare. Es folgen noch einige Features wie Import und Export, binäre (ja/nein) Felder,  Später dann auch das Erstellen von PDF-Dokumenten und Statistiken. WHERE `id` = 1'),(13,'2025-01-03 23:22:59','UPDATE `kommentare` SET `Kommentar` = Danke für eure Kommentare. Es folgen noch einige Features wie Import und Export, binäre (ja/nein) Felder, und vor allem ein Rechtemanagement. Später dann auch das Erstellen von PDF-Dokumenten und Statistiken, ggf. auch eine Anpassung für Handys. WHERE `id` = 1');
/*!40000 ALTER TABLE `adm_log` ENABLE KEYS */;
UNLOCK TABLES;
DROP TABLE IF EXISTS `mitglieder`;
/*!40101 SET @saved_cs_client     = @@character_set_client */;
/*!50503 SET character_set_client = utf8mb4 */;
CREATE TABLE `mitglieder` (
  `id` bigint NOT NULL AUTO_INCREMENT,
  `Vorname` varchar(100) COLLATE utf8mb4_general_ci DEFAULT 'NEU',
  `Nachname` varchar(100) COLLATE utf8mb4_general_ci DEFAULT 'NEU',
  `Straße` varchar(200) COLLATE utf8mb4_general_ci DEFAULT 'NEU',
  `PLZ` int DEFAULT '0',
  `Wohnort` varchar(100) COLLATE utf8mb4_general_ci DEFAULT 'NEU',
  `Geburtsdatum` date DEFAULT '1970-09-06',
  `Geschlecht` int DEFAULT NULL,
  `Unternehmen` bigint DEFAULT NULL,
  PRIMARY KEY (`id`),
  KEY `mitglieder_unternehmen` (`Unternehmen`),
  KEY `mitglieder_geschlecht` (`Geschlecht`),
  CONSTRAINT `mitglieder_geschlecht` FOREIGN KEY (`Geschlecht`) REFERENCES `geschlechter` (`id`) ON DELETE SET NULL ON UPDATE CASCADE,
  CONSTRAINT `mitglieder_unternehmen` FOREIGN KEY (`Unternehmen`) REFERENCES `unternehmen` (`id`) ON DELETE CASCADE ON UPDATE CASCADE
) ENGINE=InnoDB AUTO_INCREMENT=196 DEFAULT CHARSET=utf8mb4 COLLATE=utf8mb4_general_ci COMMENT='Stammdaten Mitglieder';
/*!40101 SET character_set_client = @saved_cs_client */;

LOCK TABLES `mitglieder` WRITE;
/*!40000 ALTER TABLE `mitglieder` DISABLE KEYS */;
INSERT INTO `mitglieder` VALUES (1,'Max','Mustermann','Musterstraße 1',10115,'Berlin','1985-04-12',1,23),(2,'Anna','Müller','Berliner Str. 2',10117,'Berlin','1990-03-21',2,45),(3,'Peter','Schmidt','Hauptstraße 3',80331,'München','1983-07-30',1,67),(4,'Laura','Schneider','Musterweg 4',70173,'Stuttgart','1992-05-15',2,89),(5,'Michael','Fischer','Goethestraße 5',50667,'Köln','1980-09-22',1,100),(6,'Julia','Weber','Lindenweg 6',60311,'Frankfurt','1987-02-18',2,33),(7,'Tobias','Schulz','Eichenstraße 7',90402,'Nürnberg','1993-11-10',1,25),(8,'Monika','Becker','Parkstraße 8',44135,'Dortmund','1985-06-12',2,50),(9,'Frank','Hoffmann','Bahnhofstraße 9',20095,'Hamburg','1982-01-25',1,12),(10,'Lisa','Zimmermann','Gartenstraße 10',90403,'Nürnberg','1991-09-06',2,67),(11,'Stefan','Schuster','Bergstraße 11',41061,'Mönchengladbach','1984-03-30',1,15),(12,'Eva','Koch','Waldstraße 12',40210,'Düsseldorf','1992-07-18',2,72),(13,'Christian','Richter','Schillerstraße 13',30625,'Hannover','1990-11-11',1,36),(14,'Maria','Meyer','Kirchstraße 14',53225,'Bonn','1987-04-05',2,58),(15,'Andreas','Lang','Bremerstraße 15',24103,'Kiel','1989-06-10',1,73),(16,'Sophie','Wagner','Glockenstraße 16',91052,'Erlangen','1991-02-17',2,41),(17,'Johannes','Schroeder','Friedrichstraße 17',44137,'Dortmund','1984-08-25',1,59),(18,'Katrin','Hahn','Lindenstraße 18',14163,'Berlin','1995-12-10',2,32),(19,'Daniel','Wolf','Heinrichstraße 19',82041,'Deisenhofen','1990-01-04',1,22),(20,'Clara','Jung','Hauptstraße 20',86150,'Augsburg','1993-10-20',2,5),(21,'Simon','Krause','Hofstraße 21',66111,'Saarbrücken','1988-12-13',1,8),(22,'Carla','Bauer','Dorfstraße 22',53721,'Siegburg','1994-09-28',2,75),(23,'Alexander','Schulze','Schulstraße 23',69115,'Heidelberg','1987-03-17',1,10),(24,'Barbara','Haller','Waldweg 24',55116,'Mainz','1985-06-22',2,43),(25,'Julian','Schwarz','Ziegelstraße 25',10715,'Berlin','1989-08-29',1,95),(26,'Nicole','Lange','Pappelstraße 26',22303,'Hamburg','1991-11-09',2,44),(27,'Felix','Moser','Allee 27',73430,'Aalen','1992-06-15',1,11),(28,'Laura','Müller','Kellerstraße 28',70178,'Stuttgart','1988-03-03',2,81),(29,'Ben','Wolfgang','Rosenstraße 29',84028,'Landshut','1986-10-01',1,30),(30,'Hannah','Schäfer','Wiesenstraße 30',37073,'Göttingen','1995-04-14',2,18),(31,'Maximilian','Peters','Feldstraße 31',1234,'Leipzig','1984-12-23',1,46),(32,'Sophie','Grimm','Brunnenstraße 32',77761,'Wolfach','1992-01-11',2,47),(33,'Lukas','Vogel','Bürgerstraße 33',39104,'Magdeburg','1989-08-03',1,53),(34,'Anna','Neumann','Waldstraße 34',99084,'Erfurt','1993-12-18',2,24),(35,'Julian','Müller','Gartenstraße 35',41061,'Mönchengladbach','1991-01-21',1,63),(36,'Carina','Becker','Parkweg 36',80331,'München','1987-02-13',2,64),(37,'Tom','Kuhn','Schlossstraße 37',60261,'Frankfurt','1982-11-10',1,39),(38,'Sarah','Sauer','St.-Anna-Straße 38',76131,'Karlsruhe','1994-06-25',2,49),(39,'David','Richter','Poststraße 39',21073,'Hamburg','1986-02-15',1,74),(40,'Sophia','Schreiber','Marktstraße 40',24937,'Flensburg','1992-03-09',2,52),(41,'Jan','Ziegler','Dorfstraße 41',97070,'Würzburg','1985-12-06',1,40),(42,'Marie','Friedrich','Birkenstraße 42',37079,'Göttingen','1991-10-21',2,31),(43,'Leon','Wolff','Hauptstraße 43',10557,'Berlin','1989-03-30',1,61),(44,'Mia','Jäger','Fischerstraße 44',82049,'Pulheim','1995-12-11',2,1),(45,'Jonas','Stein','Waldstraße 45',53721,'Siegburg','1994-02-17',1,59),(46,'Katharina','Zimmermann','Heinrichstraße 46',80337,'München','1991-05-05',2,10),(47,'Tim','Steiger','Bahnstraße 47',47051,'Duisburg','1992-11-22',1,43),(48,'Caroline','Hirsch','Bauernstraße 48',89073,'Ulm','1988-07-09',2,85),(49,'Paul','Hartmann','Hofstraße 49',10559,'Berlin','1983-10-16',1,74),(50,'Leonie','Fischer','Parkallee 50',67061,'Ludwigshafen','1995-02-04',2,34),(51,'Anna','Müller','Hauptstraße 12',10115,'Berlin','1985-07-23',2,12),(52,'Max','Schmidt','Bahnhofstraße 7',80333,'München','1990-02-15',1,34),(53,'Lena','Schneider','Friedrichstraße 4',50667,'Köln','1988-11-30',2,56),(54,'Paul','Weber','Marktplatz 9',28195,'Bremen','1995-03-12',1,78),(55,'Marie','Hofmann','Ringstraße 22',70173,'Stuttgart','1983-09-18',2,23),(56,'Lukas','Klein','Schillerstraße 5',1067,'Dresden','1992-06-25',1,45),(57,'Sophie','Wolf','Goethestraße 8',40213,'Düsseldorf','1987-01-10',3,67),(58,'Jonas','Neumann','Rathausplatz 3',30159,'Hannover','1993-08-14',1,89),(59,'Emilia','Bauer','Mühlweg 6',94032,'Passau','1984-12-01',2,10),(60,'Tim','Fischer','Seestraße 11',23552,'Lübeck','1996-04-09',1,50),(61,'Clara','Richter','Lindenstraße 21',44137,'Dortmund','1998-05-19',3,77),(62,'Felix','Krüger','Bergstraße 2',97070,'Würzburg','1982-10-05',1,88),(63,'Hannah','Lehmann','Parkallee 17',4109,'Leipzig','1991-03-28',2,33),(64,'David','Maier','Wiesenweg 13',90403,'Nürnberg','1986-07-15',1,19),(65,'Lisa','Schulz','Blumenstraße 19',18055,'Rostock','1994-11-20',2,25),(66,'Jan','Becker','Kirchweg 3',33602,'Bielefeld','1989-02-22',1,62),(67,'Mia','Schmitt','Hafenstraße 14',39104,'Magdeburg','1997-09-30',2,47),(68,'Finn','Seidel','Eichenweg 7',48143,'Münster','1980-08-08',1,20),(69,'Lea','Graf','Poststraße 25',65183,'Wiesbaden','1999-12-25',3,40),(70,'Tom','Lang','Bachstraße 18',72072,'Tübingen','1985-04-16',1,60),(71,'Julia','Koch','Grüner Weg 2',79098,'Freiburg','1992-11-05',2,71),(72,'Nico','Schuster','Waldstraße 10',18057,'Rostock','1988-03-09',1,85),(73,'Tina','Berger','Rosenweg 15',65185,'Wiesbaden','1984-08-14',2,53),(74,'Kevin','Fleischer','Bachstraße 9',93047,'Regensburg','1997-06-21',1,29),(75,'Nina','Vogel','Hauptstraße 44',4107,'Leipzig','1990-01-12',2,91),(76,'Ben','Merten','Schlossallee 7',80634,'München','1985-10-18',1,38),(77,'Carla','Peters','Brückenstraße 5',44139,'Dortmund','1996-05-23',3,84),(78,'Erik','Frank','Lindenplatz 3',72076,'Tübingen','1987-09-11',1,49),(79,'Katrin','Dietrich','Holzweg 12',97072,'Würzburg','1994-04-07',2,68),(80,'Moritz','Stein','Ringstraße 16',40235,'Düsseldorf','1982-12-20',1,95),(81,'Ella','Hahn','Burgstraße 23',4177,'Leipzig','1998-07-02',3,41),(82,'Tobias','Kaiser','Wasserweg 1',79104,'Freiburg','1980-06-08',1,18),(83,'Marlene','Wagner','Amselweg 19',69115,'Heidelberg','1993-09-25',2,32),(84,'Leon','Lorenz','Feldstraße 4',60311,'Frankfurt','1989-02-14',1,77),(85,'Sophia','Fiedler','Sonnenweg 12',18069,'Rostock','1997-03-19',2,44),(86,'Jannik','Braun','Hinterhofstraße 7',24103,'Kiel','1991-05-17',1,21),(87,'Lara','Kremer','Weststraße 22',50667,'Köln','1986-01-27',2,63),(88,'Simon','Schwarz','Mühlenweg 9',76133,'Karlsruhe','1994-11-10',1,59),(89,'Franziska','Engel','Altstadt 5',80333,'München','1983-10-01',2,39),(90,'Martin','Lindner','Berliner Platz 6',34117,'Kassel','1995-08-22',1,52),(91,'Isabel','Kurz','Gartenstraße 11',67655,'Kaiserslautern','1992-12-05',2,74),(92,'Fabian','Schmitz','Neue Straße 14',70173,'Stuttgart','1987-03-18',1,57),(93,'Theresa','Groß','Bahnhofstraße 18',52062,'Aachen','1998-01-30',3,69),(94,'Noah','Horn','Kaiserstraße 5',55116,'Mainz','1990-07-13',1,88),(95,'Laura','Marx','Neuer Weg 8',93047,'Regensburg','1984-02-09',2,26),(96,'Philipp','Brand','Marktplatz 12',30159,'Hannover','1989-04-24',1,70),(97,'Eva','Busch','Bachgasse 7',21073,'Hamburg','1981-05-11',2,51),(98,'Julian','Mayer','Schulstraße 3',4105,'Leipzig','1995-09-07',1,36),(99,'Tanja','Seifert','Hügelweg 14',60439,'Frankfurt','1994-03-29',3,64),(100,'Nina','Baum','Waldweg 2',68165,'Mannheim','1982-11-18',2,42),(101,'Anna','Keller','Hauptstraße 23',10117,'Berlin','1991-04-11',2,15),(102,'Felix','Winter','Marktplatz 45',80336,'München','1993-12-14',1,48),(103,'Lisa','Schwarz','Bahnhofstraße 9',50676,'Köln','1987-05-24',2,75),(104,'Tom','Becker','Lindenstraße 7',70178,'Stuttgart','1996-08-09',1,53),(105,'Emily','Weber','Schillerstraße 19',1069,'Dresden','1995-02-17',2,29),(106,'Jonas','Richter','Friedrichstraße 22',40215,'Düsseldorf','1984-07-13',1,38),(107,'Mia','Schmidt','Parkallee 31',30175,'Hannover','1999-11-19',2,65),(108,'Leo','Fischer','Wiesenweg 4',94034,'Passau','1990-09-03',1,81),(109,'Nina','Hofmann','Seestraße 14',23554,'Lübeck','1988-10-25',2,56),(110,'Ben','Lang','Goethestraße 2',97072,'Würzburg','1982-03-05',1,21),(111,'Ella','Meyer','Eichenweg 8',4109,'Leipzig','1994-06-16',2,44),(112,'Paul','Seidel','Kirchplatz 10',90403,'Nürnberg','1997-01-12',1,33),(113,'Lara','Krüger','Hafenstraße 3',44137,'Dortmund','1986-12-28',2,59),(114,'Max','Lorenz','Rosenweg 5',18055,'Rostock','1995-08-14',1,22),(115,'Hanna','Vogel','Hinterhofstraße 11',33602,'Bielefeld','1992-11-30',2,72),(116,'Tim','Neumann','Schlossallee 19',72072,'Tübingen','1989-04-21',1,95),(117,'Sophia','Graf','Brückenstraße 8',79098,'Freiburg','1998-07-03',2,60),(118,'Tom','Stein','Poststraße 20',80331,'München','1991-10-18',1,89),(119,'Katrin','Berger','Neue Straße 14',65183,'Wiesbaden','1985-09-06',2,42),(120,'Erik','Horn','Altstadt 7',93047,'Regensburg','1994-05-27',1,68),(121,'Marlene','Busch','Feldstraße 6',4105,'Leipzig','1987-08-09',2,24),(122,'Leon','Wagner','Bahnhofstraße 16',50667,'Köln','1993-01-15',1,76),(123,'Clara','Dietrich','Weststraße 21',76133,'Karlsruhe','1996-03-11',2,36),(124,'Noah','Schulz','Neuer Weg 9',70173,'Stuttgart','1988-06-14',1,58),(125,'Lina','Maier','Ringstraße 12',68165,'Mannheim','1991-02-22',2,47),(126,'Tobias','Schneider','Bachgasse 7',34117,'Kassel','1990-11-25',1,91),(127,'Hannah','Engel','Berliner Platz 15',67655,'Kaiserslautern','1994-07-20',2,26),(128,'Jan','Fiedler','Gartenstraße 8',52062,'Aachen','1985-01-08',1,73),(129,'Lilly','Kurz','Wasserweg 6',55116,'Mainz','1999-12-18',2,84),(130,'Martin','Schmitz','Sonnenweg 14',68167,'Mannheim','1993-09-28',1,53),(131,'Eva','Lehmann','Blumenstraße 18',4109,'Leipzig','1984-11-19',2,39),(132,'Kevin','Peters','Parkstraße 5',48143,'Münster','1992-04-04',1,62),(133,'Franziska','Becker','Eichenweg 20',97072,'Würzburg','1995-06-16',2,55),(134,'Simon','Braun','Lindenplatz 2',80333,'München','1989-02-12',1,48),(135,'Isabel','Marx','Holzweg 11',65185,'Wiesbaden','1997-03-07',2,74),(136,'Fabian','Fischer','Mühlenweg 22',80335,'München','1990-01-20',1,63),(137,'Theresa','Merten','Kirchweg 13',69115,'Heidelberg','1983-08-11',2,35),(138,'Julian','Groß','Amselweg 19',52074,'Aachen','1991-07-17',1,85),(139,'Nina','Lang','Burgstraße 4',60439,'Frankfurt','1986-09-24',2,19),(140,'Jannik','Seifert','Altstadt 18',93047,'Regensburg','1988-10-10',1,93),(141,'Tanja','Brand','Brückenstraße 21',72072,'Tübingen','1995-05-06',2,50),(142,'Moritz','Hahn','Rathausplatz 12',30159,'Hannover','1999-01-03',1,45),(143,'Laura','Kaiser','Bahnhofstraße 7',48143,'Münster','1982-03-22',2,66),(144,'Philipp','Horn','Neue Straße 17',76131,'Karlsruhe','1997-06-19',1,82),(145,'Sophia','Weber','Gartenweg 5',97070,'Würzburg','1990-09-16',2,77),(146,'Maximilian','Lorenz','Schillerstraße 15',4177,'Leipzig','1984-12-05',1,69),(147,'Emilia','Dietrich','Marktplatz 9',69115,'Heidelberg','1987-07-02',2,34),(148,'Mira','Kunz','Bachstraße 3',10115,'Berlin','1992-01-14',2,12),(149,'Leonard','Schuster','Weidenweg 8',80339,'München','1985-09-12',1,40),(150,'Sara','Wolff','Schulstraße 10',50674,'Köln','1994-03-22',2,31),(151,'Julian','Bertram','Hauptstraße 23',70173,'Stuttgart','1993-06-10',1,58),(152,'Lara','Fink','Brunnenstraße 2',1067,'Dresden','1991-05-19',2,25),(153,'Elias','Kraus','Sonnenweg 17',40221,'Düsseldorf','1987-10-29',1,64),(154,'Sophia','Behr','Am Hang 12',30167,'Hannover','1999-12-11',2,78),(155,'Theo','Jäger','Ringstraße 9',94032,'Passau','1990-08-08',1,22),(156,'Clara','Wendt','Mühlenweg 16',23552,'Lübeck','1995-04-03',2,47),(157,'Timo','Schwarz','Kaiserstraße 14',97070,'Würzburg','1984-12-22',1,19),(158,'Paula','Böhm','Altstadtgasse 7',4107,'Leipzig','1989-07-01',2,50),(159,'Lukas','Breuer','Blumenstraße 13',90402,'Nürnberg','1997-11-15',1,37),(160,'Hanna','Lehner','Friedhofstraße 20',44137,'Dortmund','1986-09-27',2,55),(161,'Moritz','Roth','Grünweg 5',18055,'Rostock','1992-02-10',1,33),(162,'Luisa','Klein','Waldesruh 11',33602,'Bielefeld','1988-06-16',2,63),(163,'Tim','Heinrich','Auenstraße 8',72072,'Tübingen','1990-09-05',1,72),(164,'Emma','Wagner','Postgasse 2',79098,'Freiburg','1998-03-20',2,45),(165,'Jonas','Vogel','Neuer Markt 18',80331,'München','1993-01-14',1,89),(166,'Emily','Lorenz','Birkenweg 22',65183,'Wiesbaden','1985-11-17',2,32),(167,'Finn','Schmitz','Am Weiher 7',93047,'Regensburg','1994-10-28',1,62),(168,'Marlene','Huber','Lilienweg 3',4109,'Leipzig','1987-04-18',2,24),(169,'Jan','Weber','Ahornweg 10',50667,'Köln','1992-05-13',1,56),(170,'Nina','Baumann','Hügelstraße 12',76133,'Karlsruhe','1995-09-25',2,36),(171,'Liam','Müller','Feldstraße 8',70178,'Stuttgart','1986-01-22',1,81),(172,'Lilly','Seidel','Gartenstraße 6',68165,'Mannheim','1991-02-26',2,60),(173,'Paul','Bauer','Marktweg 3',34117,'Kassel','1990-11-07',1,91),(174,'Isabella','Reuter','Neue Straße 19',67655,'Kaiserslautern','1994-12-01',2,66),(175,'Tobias','Fischer','Schulweg 21',52062,'Aachen','1985-03-08',1,76),(176,'Anna','Kohl','Kirchplatz 5',55116,'Mainz','1999-06-20',2,84),(177,'Noah','Berger','Eichenweg 13',68167,'Mannheim','1993-10-03',1,15),(178,'Maja','Graf','Rosenstraße 17',4177,'Leipzig','1984-07-09',2,25),(179,'Felix','Dietz','Alte Gasse 6',48143,'Münster','1992-03-12',1,53),(180,'Clara','Kaiser','Am Rathaus 12',60439,'Frankfurt','1995-01-26',2,39),(181,'Lennard','Marx','Burgstraße 11',93047,'Regensburg','1988-04-22',1,74),(182,'Hannah','Lang','Birkenweg 8',72072,'Tübingen','1996-02-05',2,23),(183,'Elias','Horn','Schillerstraße 4',30159,'Hannover','1990-10-18',1,53),(184,'Lara','Beck','Neuweg 15',76131,'Karlsruhe','1997-11-21',2,19),(185,'Oliver','Lorenz','Brückenstraße 6',97070,'Würzburg','1983-05-11',1,85),(186,'Sophia','Brand','Bahnhofstraße 3',97072,'Würzburg','1990-02-17',2,35),(187,'Tom','Schmidt','Lindenweg 2',4177,'Leipzig','1984-08-14',1,82),(188,'Ella','Krause','Marktplatz 1',69115,'Heidelberg','1987-01-16',2,34),(189,'Kevin','Kurz','Amselweg 5',10117,'Berlin','1989-12-10',1,48),(190,'Lina','Busch','Wasserweg 9',80336,'München','1992-09-06',2,61),(191,'Ben','Frey','Altstadtgasse 13',50676,'Köln','1986-06-19',1,72),(192,'Mila','Lindner','Hauptstraße 15',70173,'Stuttgart','1998-07-11',2,42),(193,'Jonah','Engel','Kirchplatz 7',1069,'Dresden','1991-11-25',1,47),(194,'Sophie','Seifert','Eichenweg 14',40215,'Düsseldorf','1995-03-04',2,89),(195,'Maxi Hans','Koch','Lindenstraße 10',30175,'Hannover','1987-08-20',1,36);
/*!40000 ALTER TABLE `mitglieder` ENABLE KEYS */;
UNLOCK TABLES;
DROP TABLE IF EXISTS `sparten`;
/*!40101 SET @saved_cs_client     = @@character_set_client */;
/*!50503 SET character_set_client = utf8mb4 */;
CREATE TABLE `sparten` (
  `id` bigint NOT NULL AUTO_INCREMENT,
  `Sparte` varchar(100) COLLATE utf8mb4_general_ci DEFAULT 'NEU',
  `Beitrag` decimal(6,2) DEFAULT '0.00',
  `Leitung` bigint DEFAULT NULL,
  `Vertretung` bigint DEFAULT NULL,
  PRIMARY KEY (`id`),
  KEY `spartenleitung1_funktionaer` (`Leitung`),
  KEY `spartenleitung2_funktionaer` (`Vertretung`),
  CONSTRAINT `spartenleitung1_funktionaer` FOREIGN KEY (`Leitung`) REFERENCES `funktionaere` (`id`) ON DELETE SET NULL ON UPDATE CASCADE,
  CONSTRAINT `spartenleitung2_funktionaer` FOREIGN KEY (`Vertretung`) REFERENCES `funktionaere` (`id`) ON DELETE SET NULL ON UPDATE CASCADE
) ENGINE=InnoDB AUTO_INCREMENT=21 DEFAULT CHARSET=utf8mb4 COLLATE=utf8mb4_general_ci COMMENT='Stammdaten Sparten';
/*!40101 SET character_set_client = @saved_cs_client */;

LOCK TABLES `sparten` WRITE;
/*!40000 ALTER TABLE `sparten` DISABLE KEYS */;
INSERT INTO `sparten` VALUES (1,'Fußball',12.50,1,2),(2,'Basketball',13.00,3,4),(3,'Handball',14.00,5,6),(4,'Volleyball',10.50,7,8),(5,'Tennis',11.50,9,10),(6,'Schwimmen',12.00,11,12),(7,'Leichtathletik',13.50,13,14),(8,'Rugby',14.00,15,16),(9,'Badminton',12.00,17,18),(10,'Golf',10.50,19,NULL),(11,'Boxen',11.00,20,1),(12,'Eishockey',12.50,2,3),(13,'Klettern',13.00,4,5),(14,'Judo',14.50,6,7),(15,'Taekwondo',11.00,8,9),(16,'Polo',12.00,10,11),(17,'Skifahren',13.00,12,13),(18,'Triathlon',14.00,14,NULL),(19,'Radsport',11.50,16,17),(20,'Ringen',10.00,18,19);
/*!40000 ALTER TABLE `sparten` ENABLE KEYS */;
UNLOCK TABLES;
DROP TABLE IF EXISTS `sparten_mitglieder`;
/*!40101 SET @saved_cs_client     = @@character_set_client */;
/*!50503 SET character_set_client = utf8mb4 */;
CREATE TABLE `sparten_mitglieder` (
  `id` bigint NOT NULL AUTO_INCREMENT,
  `Sparte` bigint DEFAULT NULL,
  `Mitglied` bigint DEFAULT NULL,
  `Kommentar` varchar(192) COLLATE utf8mb4_general_ci DEFAULT NULL,
  PRIMARY KEY (`id`),
  KEY `spartenmitglieder_StammMitglieder` (`Mitglied`),
  KEY `spartenmitglieder_StammSparte` (`Sparte`),
  CONSTRAINT `spartenmitglieder_StammMitglieder` FOREIGN KEY (`Mitglied`) REFERENCES `mitglieder` (`id`) ON DELETE CASCADE ON UPDATE CASCADE,
  CONSTRAINT `spartenmitglieder_StammSparte` FOREIGN KEY (`Sparte`) REFERENCES `sparten` (`id`) ON DELETE CASCADE ON UPDATE CASCADE
) ENGINE=InnoDB AUTO_INCREMENT=739 DEFAULT CHARSET=utf8mb4 COLLATE=utf8mb4_general_ci COMMENT='Spartenmitglieder';
/*!40101 SET character_set_client = @saved_cs_client */;

LOCK TABLES `sparten_mitglieder` WRITE;
/*!40000 ALTER TABLE `sparten_mitglieder` DISABLE KEYS */;
INSERT INTO `sparten_mitglieder` VALUES (1,5,24,NULL),(2,13,34,NULL),(3,17,87,NULL),(4,19,37,NULL),(5,4,109,NULL),(6,2,90,NULL),(7,3,81,NULL),(8,9,97,NULL),(9,11,34,NULL),(10,17,138,NULL),(11,18,10,NULL),(12,14,114,NULL),(13,7,22,NULL),(14,1,20,NULL),(15,5,193,NULL),(16,19,60,NULL),(17,6,98,NULL),(18,1,173,NULL),(19,11,137,NULL),(20,8,27,NULL),(21,20,49,NULL),(22,17,132,NULL),(23,19,122,NULL),(24,3,16,NULL),(25,20,181,NULL),(26,7,19,NULL),(27,12,4,NULL),(28,3,188,NULL),(29,6,56,NULL),(30,2,91,NULL),(31,8,182,NULL),(32,14,106,NULL),(33,4,187,NULL),(34,13,77,NULL),(35,8,119,NULL),(36,17,84,NULL),(37,9,99,NULL),(38,18,1,NULL),(39,9,109,NULL),(40,10,84,NULL),(41,1,163,NULL),(42,2,194,NULL),(43,8,136,NULL),(44,17,13,NULL),(45,13,194,NULL),(46,2,151,NULL),(47,18,130,NULL),(48,15,140,NULL),(49,15,126,NULL),(50,4,136,NULL),(51,4,134,NULL),(52,3,164,NULL),(53,7,79,NULL),(54,6,44,NULL),(55,12,117,NULL),(56,6,35,NULL),(57,19,157,NULL),(58,7,29,NULL),(59,5,154,NULL),(60,10,150,NULL),(61,19,15,NULL),(62,9,30,NULL),(63,15,60,NULL),(64,15,52,NULL),(65,4,93,NULL),(66,5,2,NULL),(67,4,73,NULL),(68,18,153,NULL),(69,15,33,NULL),(70,17,94,NULL),(71,8,114,NULL),(72,3,91,NULL),(73,10,148,NULL),(74,14,2,NULL),(75,3,94,NULL),(76,16,35,NULL),(77,9,57,NULL),(78,5,22,NULL),(79,6,50,NULL),(80,13,87,NULL),(81,16,107,NULL),(82,12,144,NULL),(83,4,158,NULL),(84,18,190,NULL),(85,20,54,NULL),(86,17,51,NULL),(87,16,103,NULL),(88,18,156,NULL),(89,2,31,NULL),(90,13,98,NULL),(91,7,110,NULL),(92,10,11,NULL),(93,18,150,NULL),(94,9,60,NULL),(95,8,177,NULL),(96,9,31,NULL),(97,1,144,NULL),(98,7,67,NULL),(99,7,132,NULL),(100,12,75,NULL),(101,6,106,NULL),(102,6,7,NULL),(103,19,167,NULL),(104,17,192,NULL),(105,10,107,NULL),(106,12,37,NULL),(107,5,195,NULL),(108,10,27,NULL),(109,8,169,NULL),(110,11,47,NULL),(111,7,27,NULL),(112,15,60,NULL),(113,18,172,NULL),(114,9,98,NULL),(115,5,26,NULL),(116,9,184,NULL),(117,14,101,NULL),(118,5,66,NULL),(119,12,25,NULL),(120,7,84,NULL),(121,5,55,NULL),(122,13,21,NULL),(123,4,145,NULL),(124,11,33,NULL),(125,4,177,NULL),(126,5,83,NULL),(127,4,180,NULL),(128,18,11,NULL),(129,13,46,NULL),(130,19,75,NULL),(131,9,118,NULL),(132,6,192,NULL),(133,3,15,NULL),(134,14,142,NULL),(135,2,116,NULL),(136,11,33,NULL),(137,18,66,NULL),(138,6,33,NULL),(139,4,44,NULL),(140,16,80,NULL),(141,8,2,NULL),(142,8,147,NULL),(143,11,104,NULL),(144,12,127,NULL),(145,19,30,NULL),(146,13,160,NULL),(147,19,177,NULL),(148,5,71,NULL),(149,13,70,NULL),(150,13,124,NULL),(151,16,4,NULL),(152,19,29,NULL),(153,8,172,NULL),(154,11,3,NULL),(155,9,99,NULL),(156,20,168,NULL),(157,16,34,NULL),(158,4,8,NULL),(159,20,35,NULL),(160,5,76,NULL),(161,13,55,NULL),(162,4,131,NULL),(163,11,75,NULL),(164,16,42,NULL),(165,19,100,NULL),(166,20,117,NULL),(167,3,167,NULL),(168,8,153,NULL),(169,5,135,NULL),(170,5,182,NULL),(171,20,3,NULL),(172,8,7,NULL),(173,8,66,NULL),(174,9,131,NULL),(175,3,41,NULL),(176,11,118,NULL),(177,2,123,NULL),(178,18,17,NULL),(179,17,148,NULL),(180,15,160,NULL),(181,1,29,NULL),(182,2,154,NULL),(183,15,186,NULL),(184,8,22,NULL),(185,17,174,NULL),(186,2,191,NULL),(187,13,54,NULL),(188,8,54,NULL),(189,13,26,NULL),(190,18,144,NULL),(191,2,107,NULL),(192,18,16,NULL),(193,6,32,NULL),(194,11,139,NULL),(195,11,101,NULL),(196,20,20,NULL),(197,14,67,NULL),(198,5,153,NULL),(199,10,126,NULL),(200,16,34,NULL),(201,5,131,NULL),(202,16,73,NULL),(203,8,120,NULL),(204,5,126,NULL),(205,12,138,NULL),(206,11,91,NULL),(207,11,161,NULL),(208,14,9,NULL),(209,18,96,NULL),(210,19,10,NULL),(211,13,112,NULL),(212,1,121,NULL),(213,12,106,NULL),(214,10,45,NULL),(215,20,102,NULL),(216,9,137,NULL),(217,4,120,NULL),(218,3,104,NULL),(219,15,174,NULL),(220,4,162,NULL),(221,5,159,NULL),(222,18,77,NULL),(223,4,14,NULL),(224,16,90,NULL),(225,2,102,NULL),(226,12,2,NULL),(227,8,80,NULL),(228,3,184,NULL),(229,17,19,NULL),(230,4,88,NULL),(231,3,53,NULL),(232,6,30,NULL),(233,17,16,NULL),(234,19,115,NULL),(235,12,98,NULL),(236,16,73,NULL),(237,7,59,NULL),(238,5,137,NULL),(239,2,163,NULL),(240,10,22,NULL),(241,19,86,NULL),(242,14,81,NULL),(243,14,186,NULL),(244,19,92,NULL),(245,12,14,NULL),(246,8,73,NULL),(247,1,8,NULL),(248,12,167,NULL),(249,3,81,NULL),(250,14,23,NULL),(251,7,79,NULL),(252,17,182,NULL),(253,15,94,NULL),(254,1,124,NULL),(255,18,120,NULL),(256,9,13,NULL),(257,5,131,NULL),(258,3,25,NULL),(259,12,50,NULL),(260,12,169,NULL),(261,9,123,NULL),(262,15,170,NULL),(263,13,48,NULL),(264,12,188,NULL),(265,3,73,NULL),(266,20,125,NULL),(267,12,101,NULL),(268,5,174,NULL),(269,12,28,NULL),(270,14,186,NULL),(271,14,179,NULL),(272,5,90,NULL),(273,13,64,NULL),(274,8,55,NULL),(275,6,82,NULL),(276,12,92,NULL),(277,13,52,NULL),(278,6,127,NULL),(279,18,193,NULL),(280,8,162,NULL),(281,6,135,NULL),(282,1,98,NULL),(283,16,108,NULL),(284,13,103,NULL),(285,6,74,NULL),(286,13,20,NULL),(287,9,167,NULL),(288,19,16,NULL),(289,4,65,NULL),(290,2,140,NULL),(291,10,131,NULL),(292,12,25,NULL),(293,10,55,NULL),(294,14,186,NULL),(295,16,100,NULL),(296,12,158,NULL),(297,10,102,NULL),(298,9,63,NULL),(299,16,68,NULL),(300,1,144,NULL),(301,17,10,NULL),(302,11,187,NULL),(303,10,53,NULL),(304,6,24,NULL),(305,17,9,NULL),(306,20,9,NULL),(307,1,41,NULL),(308,19,97,NULL),(309,15,90,NULL),(310,15,103,NULL),(311,20,110,NULL),(312,14,109,NULL),(313,4,28,NULL),(314,1,56,NULL),(315,3,85,NULL),(316,9,172,NULL),(317,5,69,NULL),(318,3,44,NULL),(319,19,39,NULL),(320,3,53,NULL),(321,18,123,NULL),(322,7,100,NULL),(323,9,95,NULL),(324,12,85,NULL),(325,7,172,NULL),(326,5,76,NULL),(327,19,156,NULL),(328,16,42,NULL),(329,20,78,NULL),(330,15,118,NULL),(331,7,6,NULL),(332,2,135,NULL),(333,12,40,NULL),(334,17,14,NULL),(335,3,119,NULL),(336,9,141,NULL),(337,20,157,NULL),(338,14,47,NULL),(339,15,88,NULL),(340,9,115,NULL),(341,10,86,NULL),(342,14,37,NULL),(343,19,163,NULL),(344,1,178,NULL),(345,19,24,NULL),(346,6,109,NULL),(347,2,65,NULL),(348,16,34,NULL),(349,7,160,NULL),(350,13,10,NULL),(351,9,175,NULL),(352,15,125,NULL),(353,9,36,NULL),(354,10,185,NULL),(355,19,6,NULL),(356,18,103,NULL),(357,14,118,NULL),(358,19,120,NULL),(359,11,94,NULL),(360,14,54,NULL),(361,14,135,NULL),(362,2,118,NULL),(363,13,98,NULL),(364,18,140,NULL),(365,19,155,NULL),(366,6,185,NULL),(367,12,178,NULL),(368,6,134,NULL),(369,8,178,NULL),(370,4,36,NULL),(371,5,86,NULL),(372,4,112,NULL),(373,3,96,NULL),(374,20,102,NULL),(375,16,39,NULL),(376,8,175,NULL),(377,2,58,NULL),(378,1,38,NULL),(379,5,192,NULL),(380,15,127,NULL),(381,18,186,NULL),(382,12,115,NULL),(383,19,115,NULL),(384,5,7,NULL),(385,3,26,NULL),(386,3,138,NULL),(387,8,180,NULL),(388,12,186,NULL),(389,4,82,NULL),(390,7,102,NULL),(391,15,9,NULL),(392,8,173,NULL),(393,7,162,NULL),(394,13,39,NULL),(395,12,141,NULL),(396,17,177,NULL),(397,1,159,NULL),(398,15,193,NULL),(399,6,189,NULL),(400,11,72,NULL),(401,7,125,NULL),(402,5,16,NULL),(403,4,91,NULL),(404,13,17,NULL),(405,8,143,NULL),(406,4,68,NULL),(407,17,173,NULL),(408,9,134,NULL),(409,9,13,NULL),(410,13,94,NULL),(411,20,123,NULL),(412,1,146,NULL),(413,15,91,NULL),(414,7,114,NULL),(415,19,99,NULL),(416,4,106,NULL),(417,18,155,NULL),(418,15,163,NULL),(419,16,71,NULL),(420,16,138,NULL),(421,8,131,NULL),(422,20,83,NULL),(423,12,169,NULL),(424,8,42,NULL),(425,7,58,NULL),(426,12,174,NULL),(427,16,23,NULL),(428,8,147,NULL),(429,5,24,NULL),(430,8,6,NULL),(431,7,142,NULL),(432,2,22,NULL),(433,14,103,NULL),(434,7,77,NULL),(435,11,59,NULL),(436,19,71,NULL),(437,5,64,NULL),(438,14,31,NULL),(439,7,31,NULL),(440,15,107,NULL),(441,2,102,NULL),(442,18,93,NULL),(443,12,171,NULL),(444,18,86,NULL),(445,14,140,NULL),(446,13,9,NULL),(447,4,6,NULL),(448,10,35,NULL),(449,3,128,NULL),(450,14,158,NULL),(451,8,13,NULL),(452,19,90,NULL),(453,20,139,NULL),(454,6,180,NULL),(455,13,46,NULL),(456,19,63,NULL),(457,8,10,NULL),(458,3,149,NULL),(459,11,151,NULL),(460,18,185,NULL),(461,5,85,NULL),(462,6,98,NULL),(463,6,139,NULL),(464,18,93,NULL),(465,6,63,NULL),(466,12,123,NULL),(467,10,92,NULL),(468,9,190,NULL),(469,11,118,NULL),(470,7,164,NULL),(471,13,78,NULL),(472,17,163,NULL),(473,8,138,NULL),(474,11,20,NULL),(475,1,55,NULL),(476,16,57,NULL),(477,12,87,NULL),(478,10,185,NULL),(479,4,4,NULL),(480,12,178,NULL),(481,5,17,NULL),(482,18,65,NULL),(483,15,20,NULL),(484,6,83,NULL),(485,17,42,NULL),(486,11,13,NULL),(487,10,131,NULL),(488,9,7,NULL),(489,16,12,NULL),(490,15,3,NULL),(491,14,27,NULL),(492,10,106,NULL),(493,15,186,NULL),(494,13,3,NULL),(495,3,51,NULL),(496,17,86,NULL),(497,19,153,NULL),(498,6,111,NULL),(499,10,168,NULL),(500,7,130,NULL),(501,18,152,NULL),(502,3,160,NULL),(503,17,139,NULL),(504,9,27,NULL),(505,14,5,NULL),(506,19,133,NULL),(507,13,70,NULL),(508,15,97,NULL),(509,19,107,NULL),(510,19,169,NULL),(511,20,187,NULL),(512,4,157,NULL),(513,6,108,NULL),(514,4,57,NULL),(515,6,145,NULL),(516,3,159,NULL),(517,12,70,NULL),(518,19,63,NULL),(519,11,7,NULL),(520,2,156,NULL),(521,8,181,NULL),(522,19,164,NULL),(523,13,131,NULL),(524,14,23,NULL),(525,5,2,NULL),(526,17,7,NULL),(527,9,34,NULL),(528,6,128,NULL),(529,16,72,NULL),(530,10,169,NULL),(531,1,21,NULL),(532,6,33,NULL),(533,5,170,NULL),(534,13,185,NULL),(535,6,98,NULL),(536,1,100,NULL),(537,20,80,NULL),(538,16,158,NULL),(539,4,189,NULL),(540,6,116,NULL),(541,14,195,NULL),(542,2,88,NULL),(543,14,180,NULL),(544,12,121,NULL),(545,5,117,NULL),(546,13,15,NULL),(547,10,70,NULL),(548,10,81,NULL),(549,2,18,NULL),(550,2,195,NULL),(551,9,31,NULL),(552,4,56,NULL),(553,5,176,NULL),(554,10,120,NULL),(555,11,64,NULL),(556,5,13,NULL),(557,3,169,NULL),(558,6,36,NULL),(559,19,19,NULL),(560,9,185,NULL),(561,3,173,NULL),(562,2,70,NULL),(563,15,22,NULL),(564,11,131,NULL),(565,11,18,NULL),(566,3,65,NULL),(567,2,50,NULL),(568,3,161,NULL),(569,11,1,NULL),(570,4,16,NULL),(571,18,55,NULL),(572,2,134,NULL),(573,14,80,NULL),(574,14,76,NULL),(575,17,194,NULL),(576,9,33,NULL),(577,7,110,NULL),(578,2,114,NULL),(579,6,132,NULL),(580,20,192,NULL),(581,16,150,NULL),(582,17,20,NULL),(583,9,67,NULL),(584,14,8,NULL),(585,10,12,NULL),(586,5,46,NULL),(587,8,71,NULL),(588,17,154,NULL),(589,2,3,NULL),(590,18,168,NULL),(591,1,171,NULL),(592,6,16,NULL),(593,8,21,NULL),(594,14,136,NULL),(595,11,138,NULL),(596,12,6,NULL),(597,12,25,NULL),(598,3,174,NULL),(599,6,151,NULL),(600,12,136,NULL),(601,6,107,NULL),(602,3,30,NULL),(603,1,41,NULL),(604,14,188,NULL),(605,11,51,NULL),(606,2,104,NULL),(607,20,21,NULL),(608,12,158,NULL),(609,1,135,NULL),(610,8,132,NULL),(611,6,16,NULL),(612,9,132,NULL),(613,6,132,NULL),(614,2,11,NULL),(615,2,35,NULL),(616,14,123,NULL),(617,11,122,NULL),(618,20,153,NULL),(619,3,85,NULL),(620,4,110,NULL),(621,12,125,NULL),(622,19,57,NULL),(623,20,102,NULL),(624,4,39,NULL),(625,14,183,NULL),(626,7,42,NULL),(627,17,134,NULL),(628,7,187,NULL),(629,18,7,NULL),(630,6,62,NULL),(631,7,65,NULL),(632,18,163,NULL),(633,15,159,NULL),(634,11,83,NULL),(635,9,39,NULL),(636,19,175,NULL),(637,8,51,NULL),(638,14,126,NULL),(639,6,137,NULL),(640,15,54,NULL),(641,14,72,NULL),(642,12,43,NULL),(643,15,124,NULL),(644,11,79,NULL),(645,7,52,NULL),(646,5,98,NULL),(647,10,60,NULL),(648,3,186,NULL),(649,12,120,NULL),(650,4,66,NULL),(651,11,114,NULL),(652,7,108,NULL),(653,9,120,NULL),(654,5,3,NULL),(655,16,120,NULL),(656,12,128,NULL),(657,15,131,NULL),(658,2,36,NULL),(659,13,79,NULL),(660,17,31,NULL),(661,1,172,NULL),(662,13,30,NULL),(663,2,125,NULL),(664,11,131,NULL),(665,7,181,NULL),(666,5,117,NULL),(667,1,71,NULL),(668,4,57,NULL),(669,5,106,NULL),(670,8,166,NULL),(671,12,6,NULL),(672,3,111,NULL),(673,7,92,NULL),(674,6,72,NULL),(675,7,15,NULL),(676,15,28,NULL),(677,9,141,NULL),(678,2,100,NULL),(679,20,133,NULL),(680,4,66,NULL),(681,15,72,NULL),(682,6,75,NULL),(683,8,173,NULL),(684,8,133,NULL),(685,7,147,NULL),(686,6,41,NULL),(687,11,147,NULL),(688,3,178,NULL),(689,14,93,NULL),(690,6,28,NULL),(691,7,105,NULL),(692,20,144,NULL),(693,15,158,NULL),(694,9,43,NULL),(695,16,147,NULL),(696,1,172,NULL),(697,11,179,NULL),(698,12,151,NULL),(699,16,33,NULL),(700,19,165,NULL),(701,18,6,NULL),(702,6,175,NULL),(703,1,167,NULL),(704,16,124,NULL),(705,5,64,NULL),(706,8,61,NULL),(707,17,101,NULL),(708,19,153,NULL),(709,20,83,NULL),(710,2,181,NULL),(711,4,1,NULL),(712,10,95,NULL),(713,10,52,NULL),(714,17,12,NULL),(715,13,116,NULL),(716,14,100,NULL),(717,19,177,NULL),(718,4,39,NULL),(719,13,191,NULL),(720,14,22,NULL),(721,3,182,NULL),(722,4,17,NULL),(723,18,9,NULL),(724,20,132,NULL),(725,11,165,NULL),(726,20,118,NULL),(727,19,84,NULL),(728,3,118,NULL),(729,18,128,NULL),(730,10,88,NULL),(731,16,124,NULL),(732,13,10,NULL),(733,5,70,NULL),(734,4,161,NULL),(735,9,149,NULL),(736,12,50,NULL),(737,3,65,NULL),(738,3,22,NULL);
/*!40000 ALTER TABLE `sparten_mitglieder` ENABLE KEYS */;
UNLOCK TABLES;
DROP TABLE IF EXISTS `unternehmen`;
/*!40101 SET @saved_cs_client     = @@character_set_client */;
/*!50503 SET character_set_client = utf8mb4 */;
CREATE TABLE `unternehmen` (
  `id` bigint NOT NULL AUTO_INCREMENT,
  `Name` varchar(100) COLLATE utf8mb4_general_ci DEFAULT 'NEU',
  `Stadt` varchar(100) COLLATE utf8mb4_general_ci DEFAULT 'NEU',
  PRIMARY KEY (`id`)
) ENGINE=InnoDB AUTO_INCREMENT=101 DEFAULT CHARSET=utf8mb4 COLLATE=utf8mb4_general_ci COMMENT='Stammdaten Unternehmen';
/*!40101 SET character_set_client = @saved_cs_client */;

LOCK TABLES `unternehmen` WRITE;
/*!40000 ALTER TABLE `unternehmen` DISABLE KEYS */;
INSERT INTO `unternehmen` VALUES (1,'TechVision GmbH','Berlin'),(2,'Innovatech Solutions','München'),(3,'GreenEnergy Co.','Hamburg'),(4,'MediCare AG','Frankfurt'),(5,'Solaris Systems','Köln'),(6,'AlphaTech Solutions','Stuttgart'),(7,'Pioneer Solutions','Düsseldorf'),(8,'EcoBuilding Inc.','Bremen'),(9,'Future Foods GmbH','Hannover'),(10,'NextGen Robotics','Leipzig'),(11,'DigitalWave GmbH','Dortmund'),(12,'BlueSky Innovations','Nürnberg'),(13,'Venture Partners','Bonn'),(14,'Quantum Technologies','Karlsruhe'),(15,'SmartHome Systems','Wiesbaden'),(16,'CityTech Ltd.','Mannheim'),(17,'UrbanTech GmbH','Aachen'),(18,'GreenTech Solutions','Essen'),(19,'Skyline Ventures','Duisburg'),(20,'Innovative Mobility','Kaiserslautern'),(21,'CloudConnect GmbH','Paderborn'),(22,'TechnoFusion GmbH','Wuppertal'),(23,'PureEnergy AG','Magdeburg'),(24,'Future Industries','Rostock'),(25,'MediTech Solutions','Osnabrück'),(26,'EnergyPower Inc.','Freiburg'),(27,'ProTech Systems','Würzburg'),(28,'BlueOcean Ventures','Krefeld'),(29,'GlobalTech Solutions','Zwickau'),(30,'CyberNet GmbH','Regensburg'),(31,'DataSmart AG','Saarbrücken'),(32,'SustainTech GmbH','Münster'),(33,'Innovative Concepts','Bielefeld'),(34,'TechnoMinds','Hildesheim'),(35,'SolarTech GmbH','Oldenburg'),(36,'Mobile Solutions','Rhein-Ruhr'),(37,'Visionary Systems','Kiel'),(38,'GreenPower Co.','Braunschweig'),(39,'TechDynamics','Chemnitz'),(40,'NextWave AG','Cottbus'),(41,'CloudForce GmbH','Bayreuth'),(42,'Smart Solutions','Lübeck'),(43,'BrightFuture GmbH','Freiburg'),(44,'DataStream Solutions','Göttingen'),(45,'AlphaSmart GmbH','Bamberg'),(46,'Innovative Industries','Aschaffenburg'),(47,'SmartTech Ventures','Münster'),(48,'GreenBuildings GmbH','Worms'),(49,'CyberWorld Inc.','Regensburg'),(50,'Digital Systems','Koblenz'),(51,'EcoPower GmbH','Augsburg'),(52,'TechForward AG','Jena'),(53,'Quantum Robotics','Tübingen'),(54,'City Innovators','Heilbronn'),(55,'Energia Solutions','Hagen'),(56,'NextEra Technologies','Lörrach'),(57,'Future World Solutions','Sindelfingen'),(58,'MegaTech GmbH','Konstanz'),(59,'AlphaWave GmbH','Darmstadt'),(60,'EcoMobility AG','Weimar'),(61,'DigitalSolutions GmbH','Neuss'),(62,'TechInnovators','Ingolstadt'),(63,'Digital Enterprises','Erfurt'),(64,'GreenPower Systems','Gera'),(65,'FutureTech Solutions','Erlangen'),(66,'Smart Systems GmbH','Fulda'),(67,'WorldTech AG','Landshut'),(68,'SkyTech GmbH','Aalen'),(69,'RoboSystems GmbH','Filderstadt'),(70,'VisionTech AG','Schwäbisch Hall'),(71,'Quantum Innovations','Limburg an der Lahn'),(72,'CityTech Ventures','Hof'),(73,'EcoInnovations GmbH','Ravensburg'),(74,'BlueTech Solutions','Bietigheim-Bissingen'),(75,'ProSolutions AG','Freudenstadt'),(76,'Future Builders GmbH','Bad Honnef'),(77,'CyberTech Solutions','Marburg'),(78,'TechConsulting GmbH','Trier'),(79,'SmartTech Innovations','Pforzheim'),(80,'CloudTech GmbH','Villingen-Schwenningen'),(81,'TechWave GmbH','Vilsbiburg'),(82,'AlphaSolutions GmbH','Lüneburg'),(83,'Visionary Enterprises','Rüsselsheim'),(84,'GlobalWave GmbH','Bad Kreuznach'),(85,'Urban Vision GmbH','Weinheim'),(86,'FutureEdge Technologies','Passau'),(87,'EnergyTech GmbH','Neubrandenburg'),(88,'NextTech GmbH','Düren'),(89,'GreenFuture AG','Burgdorf'),(90,'BlueSky AG','Ettlingen'),(91,'CyberEdge GmbH','Hockenheim'),(92,'TechGen Solutions','Hürth'),(93,'EnergyForce GmbH','Schwäbisch Gmünd'),(94,'InnoTech GmbH','Tuttlingen'),(95,'FutureCity GmbH','Kempten'),(96,'QuantumPower GmbH','Reutlingen'),(97,'Innovative Engineering','Waldkirch'),(98,'TechWave Innovations','Lüdenscheid'),(99,'PowerTech Solutions','Marbach am Neckar'),(100,'NextGen Tech GmbH','Buxtehude');
/*!40000 ALTER TABLE `unternehmen` ENABLE KEYS */;
UNLOCK TABLES;
/*!40103 SET TIME_ZONE=@OLD_TIME_ZONE */;

/*!40101 SET SQL_MODE=@OLD_SQL_MODE */;
/*!40014 SET FOREIGN_KEY_CHECKS=@OLD_FOREIGN_KEY_CHECKS */;
/*!40014 SET UNIQUE_CHECKS=@OLD_UNIQUE_CHECKS */;
/*!40101 SET CHARACTER_SET_CLIENT=@OLD_CHARACTER_SET_CLIENT */;
/*!40101 SET CHARACTER_SET_RESULTS=@OLD_CHARACTER_SET_RESULTS */;
/*!40101 SET COLLATION_CONNECTION=@OLD_COLLATION_CONNECTION */;
/*!40111 SET SQL_NOTES=@OLD_SQL_NOTES */;

